,geometry,site_name,water_pixels_orig,inundated_vegetation_orig,total_pixels_orig,water_pixels_crop,inundated_vegetation_crop,total_pixels_crop,percent_water_orig,percent_inundated_vegetation_orig,percent_water_crop,percent_inundated_vegetation_crop,percent_total_water_orig,percent_total_water_crop
0,"POLYGON ((-159.6652226727612 69.26008781922364, -159.66385205269899 69.21525084868811, -159.79009387312698 69.21471895527894, -159.79172507697353 69.25955467236736, -159.6652226727612 69.26008781922364))",3_38,0.0,0.0,1252157,0.0,0.0,250000,0.0,0.0,0.0,0.0,0.0,0.0
1,"POLYGON ((-113.00030535097231 67.04573654353207, -112.99662014206814 67.000911742264, -113.11121978390845 66.9994320252706, -113.11511613840437 67.04425361329587, -113.00030535097231 67.04573654353207))",4_27,286582.0,8919.0,1251485,78861.0,3701.0,250000,22.89935556558808,0.7126733440672481,31.5444,1.4804,23.61202890965533,33.0248
2,"POLYGON ((17.818132286534883 65.99817145732314, 17.813194156017286 65.95336747966537, 17.703353340835527 65.95533883857445, 17.708099248527713 66.0001469510308, 17.818132286534883 65.99817145732314))",4_43,556111.0,41908.0,1244440,192790.0,2307.0,250000,44.687650670180965,3.3676191700684646,77.116,0.9228000000000001,48.05526984024943,78.0388
3,"POLYGON ((59.782864383194294 65.84085867401473, 59.7780237234885 65.79605242416044, 59.66885041574198 65.79799655199554, 59.67350140622419 65.84280685959445, 59.782864383194294 65.84085867401473))",3_1,17647.0,246974.0,1244553,7271.0,41560.0,250000,1.4179388101591495,19.844393930993697,2.9084,16.624,21.262332741152846,19.5324
4,"POLYGON ((-96.51417911166678 62.72101085209295, -96.51794191668493 62.6761746711275, -96.61548848175312 62.677867461285956, -96.61187320804939 62.72270688110921, -96.51417911166678 62.72101085209295))",4_34,87513.0,141601.0,1247523,25947.0,69078.0,250000,7.014940806702562,11.350572294057905,10.3788,27.6312,18.365513100760467,38.01
5,"POLYGON ((131.104374198078 61.49988221371871, 131.1013482171308 61.45502610371037, 131.00761614094134 61.4564396782865, 131.01050737262818 61.50129841611214, 131.104374198078 61.49988221371871))",3_30,54180.0,34245.0,1247988,12979.0,117.0,250000,4.341387897960558,2.7440167693920134,5.191599999999999,0.0468,7.085404667352571,5.2383999999999995
6,"POLYGON ((-75.97035229810228 60.745816091215964, -75.9689994009457 60.700931128071595, -76.06056989729696 60.70023778728749, -76.06205058730204 60.745121482203075, -75.97035229810228 60.745816091215964))",4_26,171222.0,163807.0,1250952,49956.0,9813.0,250000,13.687335725111755,13.094587162417104,19.9824,3.9252000000000002,26.781922887528857,23.9076
7,"POLYGON ((102.06018156224246 59.90849054915549, 102.0641422065434 59.86365248828346, 101.97499121775057 59.86163361577662, 101.97091074513345 59.90646805174879, 102.06018156224246 59.90849054915549))",2_24,45.0,824.0,1471092,26.0,119.0,250000,0.0030589521253599366,0.05601281225103529,0.0104,0.0476,0.059071764376395226,0.058
8,"POLYGON ((31.93346198537126 59.71969002876528, 31.934888582458466 59.67479940862581, 31.84613440863196 59.674048992865934, 31.844588997239978 59.71893826909023, 31.93346198537126 59.71969002876528))",3_25,0.0,0.0,1249824,0.0,0.0,250000,0.0,0.0,0.0,0.0,0.0,0.0
9,"POLYGON ((-119.48525831118742 59.49449694890572, -119.48196461158665 59.44963919766495, -119.5700577749098 59.447935034730115, -119.57346806983443 59.492789749817454, -119.48525831118742 59.49449694890572))",3_5,12534.0,0.0,1249920,9063.0,0.0,250000,1.002784178187404,0.0,3.6252,0.0,1.002784178187404,3.6252
10,"POLYGON ((-105.6159998610844 59.36031654884997, -105.61518758594893 59.31541826509907, -105.70301454431362 59.31497407540698, -105.70394276164853 59.35987156910091, -105.6159998610844 59.36031654884997))",4_20,52916.0,5301.0,1252152,19097.0,54.0,250000,4.226004510634492,0.4233511586452763,7.6388,0.021599999999999998,4.6493556692797675,7.6604
11,"POLYGON ((8.367931721434159 58.61763842809964, 8.368741128555186 58.57273509279623, 8.282781504863449 58.57228418287937, 8.281861901050181 58.617186727157176, 8.367931721434159 58.61763842809964))",4_9,120273.0,8713.0,1249915,26894.0,8326.0,250000,9.622494329614414,0.6970874019433322,10.7576,3.3304,10.319581731557745,14.088000000000001
12,"POLYGON ((-122.77583765130086 57.86422916208372, -122.7761164191005 57.81931810456543, -122.86028179982776 57.81943871721724, -122.86010782915253 57.86434998358324, -122.77583765130086 57.86422916208372))",3_42,30.0,0.0,1249843,30.0,0.0,250000,0.00240030147786562,0.0,0.012,0.0,0.00240030147786562,0.012
13,"POLYGON ((43.61696380857165 57.6865655293738, 43.61867183432891 57.641665935227294, 43.53494459835928 57.640723664042284, 43.53313313090744 57.68562163193296, 43.61696380857165 57.6865655293738))",3_19,5876.0,12.0,1250770,5876.0,12.0,250000,0.46979060898486535,0.000959409004053503,2.3504,0.0048000000000000004,0.47075001798891886,2.3552
14,"POLYGON ((107.00194078169754 57.157236159157286, 106.99951839213234 57.11234708740294, 106.91700886095288 57.113635982989294, 106.91933144407257 57.15852725971571, 107.00194078169754 57.157236159157286))",3_2,9633.0,0.0,1247246,5789.0,0.0,250000,0.7723416230639345,0.0,2.3156,0.0,0.7723416230639345,2.3156
15,"POLYGON ((-96.6643123758211 57.02152171659965, -96.66712379659238 56.976641561826135, -96.74931550163238 56.97814758454688, -96.74660292462586 57.02303030971671, -96.6643123758211 57.02152171659965))",4_17,334901.0,100763.0,1248075,194209.0,12961.0,250000,26.833403441299602,8.07347314864892,77.6836,5.1844,34.906876589948524,82.868
16,"POLYGON ((25.020166506568557 57.01893987583308, 25.02254954285357 56.974049205123386, 24.940351907484622 56.97272271402232, 24.937869982001832 57.017611120484055, 25.020166506568557 57.01893987583308))",3_16,7168.0,10.0,1249299,4154.0,0.0,250000,0.5737617655981474,0.0008004488917384869,1.6616,0.0,0.5745622144898859,1.6616
17,"POLYGON ((48.01822019033466 56.96052350634899, 48.014596323648746 56.915667886860106, 47.93258308139574 56.91762027048021, 47.93610870948692 56.96247921722191, 48.01822019033466 56.96052350634899))",3_23,15176.0,3736.0,1357161,13920.0,938.0,250000,1.1182166301566285,0.275280530460277,5.568,0.37520000000000003,1.3934971606169055,5.9432
18,"POLYGON ((-71.88193380052634 55.16146251149152, -71.8786997652068 55.11658823983725, -71.95698713139431 55.11471204644711, -71.96030880864261 55.15958320113386, -71.88193380052634 55.16146251149152))",4_21,67619.0,918492.0,1460440,27178.0,155430.0,250000,4.630043000739503,62.89145736901208,10.8712,62.172000000000004,67.52150036975158,73.0432
19,"POLYGON ((47.7024489107586 55.1756371675619, 47.69941453856456 55.13075614712218, 47.62107877635062 55.13246715622796, 47.62402534241655 55.177351020420616, 47.7024489107586 55.1756371675619))",3_41,12548.0,0.0,1246550,4994.0,0.0,250000,1.0066182664153063,0.0,1.9976,0.0,1.0066182664153063,1.9976
20,"POLYGON ((52.74710155570898 54.996421368377575, 52.745152451898996 54.95150994697175, 52.66711671377575 54.95260515536037, 52.66897876289786 54.99751839401922, 52.74710155570898 54.996421368377575))",3_44,1168.0,0.0,1248835,985.0,0.0,250000,0.09352716731994219,0.0,0.394,0.0,0.09352716731994219,0.394
21,"POLYGON ((33.74640062493124 54.681170826742324, 33.7455774735365 54.63623998854441, 33.668118742531746 54.63669205004378, 33.66885639240057 54.681623635671336, 33.74640062493124 54.681170826742324))",2_42,0.0,0.0,1249600,0.0,0.0,250000,0.0,0.0,0.0,0.0,0.0,0.0
22,"POLYGON ((-69.18102908477606 54.45551177177268, -69.18083108946185 54.41057565943215, -69.2578686340217 54.41043576049598, -69.25815097723147 54.455371642144485, -69.18102908477606 54.45551177177268))",4_11,979785.0,602.0,1248794,219789.0,0.0,250000,78.45849675767181,0.04820650964050116,87.91560000000001,0.0,78.50670326731232,87.91560000000001
23,"POLYGON ((63.115604260786135 54.29813356295538, 63.11547855158341 54.253196138665466, 63.038733930288124 54.25324522077482, 63.038776095895074 54.29818272585104, 63.115604260786135 54.29813356295538))",4_1,16881.0,2860.0,1249875,8371.0,1795.0,250000,1.3506150615061507,0.2288228822882288,3.3484,0.718,1.5794379437943795,4.0664
24,"POLYGON ((-10.202365231216103 54.08519641000292, -10.201068038651018 54.040267187390114, -10.2774013330269 54.03948050311558, -10.278780914936409 54.084408434381146, -10.202365231216103 54.08519641000292))",4_24,1144416.0,0.0,1250886,250000.0,0.0,250000,91.48843299869053,0.0,100.0,0.0,91.48843299869053,100.0
25,"POLYGON ((78.70829862478038 53.03634144804005, 78.71067788628497 52.9914303454822, 78.63625120895101 52.98997332240562, 78.63379476991645 53.03488206134111, 78.70829862478038 53.03634144804005))",3_12,22457.0,5758.0,1249083,22182.0,5758.0,250000,1.7978789239786308,0.4609781735881443,8.8728,2.3032,2.258857097566775,11.176
26,"POLYGON ((55.521590976766795 51.935610329593835, 55.52306638079542 51.89066983435607, 55.450436727293145 51.889735715568236, 55.448888838044674 51.93467471010144, 55.521590976766795 51.935610329593835))",3_32,1701.0,0.0,1249600,810.0,0.0,250000,0.1361235595390525,0.0,0.32399999999999995,0.0,0.1361235595390525,0.32399999999999995
27,"POLYGON ((-56.93752162189911 51.74443694117863, -56.93758355429705 51.699480038237574, -57.00993273237468 51.69949619718782, -57.009942588085025 51.74445312605642, -56.93752162189911 51.74443694117863))",4_22,64452.0,222087.0,1249875,21724.0,138534.0,250000,5.156675667566757,17.76873687368737,8.6896,55.413599999999995,22.925412541254126,64.1032
28,"POLYGON ((-76.23826748186941 51.56567017895825, -76.23704795725337 51.520722371906125, -76.30909510724297 51.519940432384026, -76.31038561027515 51.564886986934006, -76.23826748186941 51.56567017895825))",4_25,155364.0,23089.0,1249728,81996.0,7710.0,250000,12.431825165155939,1.8475220207917242,32.7984,3.084,14.279347185947662,35.882400000000004
29,"POLYGON ((122.54194384986867 51.440208809763604, 122.54239298412507 51.3952509729278, 122.4705276324837 51.39494833326832, 122.47000797098596 51.439905685721, 122.54194384986867 51.440208809763604))",2_36,4580.0,29.0,1248806,3616.0,29.0,250000,0.3667503199055738,0.0023222181828082187,1.4464,0.0116,0.369072538088382,1.458
30,"POLYGON ((67.42670841099071 51.2598641873604, 67.42824098291563 51.21492047177605, 67.35668278767943 51.21393729842168, 67.35508051663491 51.25887944317986, 67.42670841099071 51.2598641873604))",3_24,16088.0,0.0,1250700,8770.0,0.0,250000,1.2863196609898457,0.0,3.508,0.0,1.2863196609898457,3.508
31,"POLYGON ((35.478840376028046 49.64047527304279, 35.476560917234906 49.595544119523744, 35.40743444801977 49.59700332098635, 35.409650434124025 49.64193677987414, 35.478840376028046 49.64047527304279))",3_39,3918.0,0.0,1248324,2369.0,0.0,250000,0.3138608245936151,0.0,0.9476,0.0,0.3138608245936151,0.9476
32,"POLYGON ((97.57557466006295 49.40530916199075, 97.57687396474725 49.36034797828007, 97.50803907723726 49.35947989302707, 97.50667698234608 49.4044397062198, 97.57557466006295 49.40530916199075))",4_8,62716.0,0.0,1249668,62716.0,0.0,250000,5.0186129435978195,0.0,25.086399999999998,0.0,5.0186129435978195,25.086399999999998
33,"POLYGON ((-118.62517426928194 48.73929516466619, -118.62372622902711 48.69433296160304, -118.69164198536764 48.69335551145187, -118.69315052385545 48.738316176469745, -118.62517426928194 48.73929516466619))",3_3,24271.0,57.0,1248464,20771.0,57.0,250000,1.9440688718297046,0.0045656102218405974,8.3084,0.0228,1.948634482051545,8.3312
34,"POLYGON ((106.26169100657982 47.84142725517937, 106.2606016143289 47.79645080563657, 106.1938505355799 47.79716455027518, 106.19488227696571 47.84214211922517, 106.26169100657982 47.84142725517937))",2_9,0.0,0.0,1250580,0.0,0.0,250000,0.0,0.0,0.0,0.0,0.0,0.0
35,"POLYGON ((44.34884889514944 47.30007073433877, 44.349400612068415 47.25508201232851, 44.28332306167989 47.254687783872974, 44.28271532128598 47.29967588849205, 44.34884889514944 47.30007073433877))",1_47,0.0,0.0,1249899,0.0,0.0,250000,0.0,0.0,0.0,0.0,0.0,0.0
36,"POLYGON ((63.12190718557944 47.25551435141253, 63.12180405282235 47.21052247262688, 63.05577696216816 47.210573639729624, 63.05582418921415 47.25556559864311, 63.12190718557944 47.25551435141253))",2_6,47.0,0.0,1249899,45.0,0.0,250000,0.00376030383254967,0.0,0.018000000000000002,0.0,0.00376030383254967,0.018000000000000002
37,"POLYGON ((31.842372492228108 46.580024504555595, 31.843328949653525 46.535036380208446, 31.778139569731835 46.53435854323554, 31.77712923871954 46.57934560787084, 31.842372492228108 46.580024504555595))",4_40,745834.0,219492.0,1248650,249940.0,60.0,250000,59.73122972810635,17.578344612181155,99.976,0.024,77.3095743402875,100.0
38,"POLYGON ((-123.64805292505439 46.3451959256725, -123.6475218323038 46.300199635305354, -123.71244156059693 46.29981354460406, -123.7130258895518 46.344809231507, -123.64805292505439 46.3451959256725))",4_19,39121.0,1622.0,1248764,30766.0,1523.0,250000,3.132777690580446,0.12988843368322597,12.3064,0.6092,3.262666124263672,12.9156
39,"POLYGON ((-80.42659633806764 46.34424465707207, -80.42706624077582 46.299247733817445, -80.49198693974174 46.299554611884105, -80.49157027705564 46.344552014804734, -80.42659633806764 46.34424465707207))",4_14,6771.0,205.0,1250910,5312.0,205.0,250000,0.5412859438328896,0.01638806948541462,2.1248,0.082,0.5576740133183042,2.2068
40,"POLYGON ((16.08727779514893 44.2411876116792, 16.086449767263918 44.196179906092866, 16.023889279075185 44.196757802769724, 16.024669647996742 44.241766411225186, 16.08727779514893 44.2411876116792))",2_28,0.0,0.0,1249635,0.0,0.0,250000,0.0,0.0,0.0,0.0,0.0,0.0
41,"POLYGON ((46.80585439932993 43.88059880144029, 46.804496450459865 43.83560251265499, 46.742332990188274 43.83656743883798, 46.74364421759553 43.8815652354363, 46.80585439932993 43.88059880144029))",3_6,8091.0,0.0,1250392,3837.0,0.0,250000,0.6470770766287692,0.0,1.5348000000000002,0.0,0.6470770766287692,1.5348000000000002
42,"POLYGON ((145.44213179168568 43.87947763380576, 145.44330326568593 43.83447561126304, 145.381136004248 43.83361169443792, 145.37991779590394 43.878612366873746, 145.44213179168568 43.87947763380576))",4_5,415903.0,0.0,1251837,209272.0,0.0,250000,33.22341486950777,0.0,83.70880000000001,0.0,33.22341486950777,83.70880000000001
43,"POLYGON ((-98.92143855779976 43.28454065098471, -98.92149642761056 43.239517309823974, -98.98307957130073 43.23954299408202, -98.98306709819731 43.28456637544369, -98.92143855779976 43.28454065098471))",4_39,159976.0,0.0,1249908,93816.0,0.0,250000,12.79902200801979,0.0,37.526399999999995,0.0,12.79902200801979,37.526399999999995
44,"POLYGON ((-85.60262919495828 43.115929797038966, -85.60365238355125 43.07091848732797, -85.66504935748954 43.071651295596425, -85.66407112482887 43.116663752439614, -85.60262919495828 43.115929797038966))",3_45,29722.0,439.0,1248386,10376.0,0.0,250000,2.3808341330325713,0.03516540557167415,4.1504,0.0,2.4159995386042454,4.1504
45,"POLYGON ((-0.046717814911286 43.11528593522536, -0.0488794944653392 43.070321083950944, -0.1102138500872133 43.07188766889593, -0.1080969433321008 43.11685496999342, -0.046717814911286 43.11528593522536))",3_28,9795.0,0.0,1337486,5889.0,0.0,250000,0.7323441142561492,0.0,2.3556,0.0,0.7323441142561492,2.3556
46,"POLYGON ((-115.30792025323223 42.62153801962568, -115.30913796369455 42.57652906112603, -115.37003943548972 42.577411820100714, -115.36886553624998 42.622422162218506, -115.30792025323223 42.62153801962568))",1_15,0.0,0.0,1249348,0.0,0.0,250000,0.0,0.0,0.0,0.0,0.0,0.0
47,"POLYGON ((116.90881322323554 42.38471663782634, 116.90887831418719 42.33968620957291, 116.84818097432986 42.33962190987046, 116.84807252577397 42.38465223722068, 116.90881322323554 42.38471663782634))",2_7,586.0,0.0,1248806,397.0,0.0,250000,0.04692482259053848,0.0,0.1588,0.0,0.04692482259053848,0.1588
48,"POLYGON ((-116.64070081789227 40.28062330549161, -116.64093901416341 40.23557719183842, -116.6997162488638 40.235744613859595, -116.6995170430572 40.280790992883794, -116.64070081789227 40.28062330549161))",2_20,3539.0,0.0,1249888,2252.0,0.0,250000,0.28314536982513633,0.0,0.9008,0.0,0.28314536982513633,0.9008
49,"POLYGON ((111.93460555752299 39.561024867428216, 111.93400157007001 39.51597826373469, 111.87584160717198 39.5164310064966, 111.87640799664939 39.561478331115, 111.93460555752299 39.561024867428216))",1_24,0.0,0.0,1247520,0.0,0.0,250000,0.0,0.0,0.0,0.0,0.0,0.0
50,"POLYGON ((-95.88806969810065 39.18003121489269, -95.89005286157482 39.13504220824811, -95.94782200552083 39.136570689531844, -95.94587553955381 39.18156213353573, -95.88806969810065 39.18003121489269))",3_7,7979.0,27067.0,1413980,2254.0,5150.0,250000,0.564293695808993,1.9142420684875316,0.9016,2.06,2.4785357642965247,2.9616
51,"POLYGON ((-109.08417269465647 38.48109192956137, -109.08536390518154 38.43605619517272, -109.14262338970902 38.436978105840744, -109.14146775301239 38.482015319863834, -109.08417269465647 38.48109192956137))",2_26,34.0,0.0,1248254,34.0,0.0,250000,0.0027238046102796387,0.0,0.0136,0.0,0.0027238046102796387,0.0136
52,"POLYGON ((139.79162849482384 38.48048812742343, 139.79237989528846 38.4354371921058, 139.7351037581196 38.43483284540275, 139.73431674218807 38.4798828104528, 139.79162849482384 38.48048812742343))",3_27,643.0,0.0,1248624,630.0,0.0,250000,0.05149668755365906,0.0,0.252,0.0,0.05149668755365906,0.252
53,"POLYGON ((78.2472240793505 37.70490754052487, 78.24888833752999 37.65989271358895, 78.19226717314055 37.65855753861602, 78.19056877126799 37.70357020914123, 78.2472240793505 37.70490754052487))",1_45,1305.0,0.0,1344384,713.0,0.0,250000,0.09707047986289631,0.0,0.2852,0.0,0.09707047986289631,0.2852
54,"POLYGON ((-88.67064119605247 36.994748304818955, -88.66965651872995 36.94969514482773, -88.72578941743501 36.94889245882903, -88.72680715960975 36.993944312328914, -88.67064119605247 36.994748304818955))",3_36,6321.0,0.0,1248426,1652.0,0.0,250000,0.5063175550653383,0.0,0.6608,0.0,0.5063175550653383,0.6608
55,"POLYGON ((97.88251804760566 36.85981557595616, 97.88317352658662 36.81475078090537, 97.82712576267666 36.81421113369444, 97.82643740654173 36.85927504894031, 97.88251804760566 36.85981557595616))",2_43,0.0,0.0,1250886,0.0,0.0,250000,0.0,0.0,0.0,0.0,0.0,0.0
56,"POLYGON ((68.7796192537822 36.2751893107516, 68.77974580648842 36.23011182938771, 68.72410739511795 36.229996476239215, 68.72394887482228 36.27507376829861, 68.7796192537822 36.2751893107516))",1_44,15760.0,0.0,1248800,6448.0,0.0,250000,1.262011531069827,0.0,2.5791999999999997,0.0,1.262011531069827,2.5791999999999997
57,"POLYGON ((26.49189651794149 36.14016201696417, 26.49218685429208 36.095084958974724, 26.436645734867007 36.09483671399355, 26.436323647412276 36.13991336397734, 26.49189651794149 36.14016201696417))",4_16,792307.0,0.0,1249888,250000.0,0.0,250000,63.39023976548299,0.0,100.0,0.0,63.39023976548299,100.0
58,"POLYGON ((-104.51460873457057 35.60064642098618, -104.51488065520033 35.555565151813816, -104.57004796727057 35.55577449372372, -104.56980696672431 35.60085610917494, -104.51460873457057 35.60064642098618))",1_41,0.0,0.0,1248786,0.0,0.0,250000,0.0,0.0,0.0,0.0,0.0,0.0
59,"POLYGON ((-83.30146243679152 35.547103235216994, -83.30017600299348 35.50205639601922, -83.35526240393548 35.500993043900756, -83.35657957756234 35.54603812440806, -83.30146243679152 35.547103235216994))",1_50,29.0,0.0,1250340,29.0,0.0,250000,0.002319369131596206,0.0,0.0116,0.0,0.002319369131596206,0.0116
60,"POLYGON ((115.93496284987125 35.240413021682784, 115.93555158877702 35.195335244922234, 115.88063738884924 35.194840055590056, 115.88001829237815 35.239917009671466, 115.93496284987125 35.240413021682784))",1_2,39.0,0.0,1248650,39.0,0.0,250000,0.0031233732431025507,0.0,0.0156,0.0,0.0031233732431025507,0.0156
61,"POLYGON ((36.47709550379431 33.56578068914167, 36.47840513745883 33.520726577177484, 36.4246162845197 33.519619195843184, 36.42327878925398 33.56467142624032, 36.47709550379431 33.56578068914167))",1_6,56.0,0.0,1251377,26.0,0.0,250000,0.004475070262598722,0.0,0.0104,0.0,0.004475070262598722,0.0104
62,"POLYGON ((-95.87499146198162 33.03385294909127, -95.8735290519283 32.98880806730333, -95.92697726070361 32.98756556809467, -95.92846677795646 33.03260832189489, -95.87499146198162 33.03385294909127))",3_40,16162.0,0.0,1251261,4591.0,0.0,250000,1.2916569764421653,0.0,1.8363999999999998,0.0,1.2916569764421653,1.8363999999999998
63,"POLYGON ((119.68137368300495 30.177851939680682, 119.68015374264145 30.132779518363918, 119.62829854876459 30.133828497480053, 119.62949495287509 30.17890281068771, 119.68137368300495 30.177851939680682))",3_15,3581.0,0.0,1252728,1186.0,0.0,250000,0.28585614754360084,0.0,0.4744,0.0,0.28585614754360084,0.4744
64,"POLYGON ((-114.025324115567 29.121860274565616, -114.02662064906845 29.076792119013522, -114.0779254415605 29.077919995379936, -114.07665120099446 29.12299023051991, -114.025324115567 29.121860274565616))",1_38,0.0,0.0,1378638,0.0,0.0,250000,0.0,0.0,0.0,0.0,0.0,0.0
65,"POLYGON ((107.84355927830813 21.323051620478363, 107.842690668827 21.277930870858142, 107.79454950185504 21.278737069669447, 107.79540344848539 21.323859691607566, 107.84355927830813 21.323051620478363))",4_12,1086122.0,0.0,1254175,249860.0,0.0,250000,86.60051428229713,0.0,99.944,0.0,86.60051428229713,99.944
66,"POLYGON ((-88.11540077051583 18.11771812561013, -88.11511508916907 18.072533979245975, -88.16235604755578 18.072255360979522, -88.16265382505495 18.117438763863742, -88.11540077051583 18.11771812561013))",4_18,58320.0,234936.0,1247568,12765.0,97706.0,250000,4.674695086760802,18.831518602593206,5.106,39.0824,23.50621368935401,44.1884
67,"POLYGON ((-90.35256288989058 16.341044825540756, -90.35317030598864 16.295892622844654, -90.3999231919881 16.296473172953434, -90.39932647537267 16.341627071441664, -90.35256288989058 16.341044825540756))",3_10,9198.0,854.0,1250952,8526.0,757.0,250000,0.7352800107438175,0.06826800708580345,3.4104,0.3028,0.803548017829621,3.7132
68,"POLYGON ((-13.153149693397031 15.440782602897807, -13.153548932124973 15.395601751412105, -13.200120415588366 15.39598356743978, -13.19973123309482 15.441165593418797, -13.153149693397031 15.440782602897807))",2_38,0.0,0.0,1249908,0.0,0.0,250000,0.0,0.0,0.0,0.0,0.0,0.0
69,"POLYGON ((101.89376232755859 13.583665785967685, 101.89321531167943 13.538512177827203, 101.84706404808705 13.539042158958875, 101.8476023672032 13.584197600034225, 101.89376232755859 13.583665785967685))",2_16,1912.0,0.0,1253224,1199.0,0.0,250000,0.15256650048195694,0.0,0.47959999999999997,0.0,0.15256650048195694,0.47959999999999997
70,"POLYGON ((-8.966077020584027 13.100240067113848, -8.966083198916856 13.05502676140184, -9.012201246770172 13.055028696825987, -9.012203469367128 13.100242009470895, -8.966077020584027 13.100240067113848))",2_23,276.0,0.0,1248764,276.0,0.0,250000,0.022101854313545236,0.0,0.1104,0.0,0.022101854313545236,0.1104
71,"POLYGON ((-5.404288069421349 11.840015822235843, -5.403893761682701 11.794838348788907, -5.449748830536436 11.794446980466333, -5.450150641651777 11.839622913072535, -5.404288069421349 11.840015822235843))",2_18,2691.0,3514.0,1251936,1291.0,16.0,250000,0.21494708994708994,0.28068527464662735,0.5164,0.0063999999999999994,0.4956323645937173,0.5227999999999999
72,"POLYGON ((36.785258763991216 11.479885938059152, 36.785610630316725 11.4347012742612, 36.73980817366081 11.434351314135531, 36.739449044284356 11.479534558858527, 36.785258763991216 11.479885938059152))",1_27,0.0,0.0,1251965,0.0,0.0,250000,0.0,0.0,0.0,0.0,0.0,0.0
73,"POLYGON ((-69.41467142237885 11.245114295108491, -69.4146069115223 11.199896122439794, -69.46040586838228 11.199829056266287, -69.4604775047548 11.245046951369535, -69.41467142237885 11.245114295108491))",3_33,26335.0,0.0,1248750,22900.0,0.0,250000,2.108908908908909,0.0,9.16,0.0,2.108908908908909,9.16
74,"POLYGON ((22.412339070016248 10.76057016452259, 22.41212908457691 10.715363186058841, 22.366416735240364 10.715567038456006, 22.366619928436474 10.760774896677363, 22.412339070016248 10.76057016452259))",2_22,0.0,0.0,1248806,0.0,0.0,250000,0.0,0.0,0.0,0.0,0.0,0.0
75,"POLYGON ((30.09682141773891 10.579745404176755, 30.097245489837878 10.534582479475228, 30.051606479451117 10.534160507502676, 30.051175763191306 10.579321583082898, 30.09682141773891 10.579745404176755))",2_15,0.0,0.0,1253008,0.0,0.0,250000,0.0,0.0,0.0,0.0,0.0,0.0
76,"POLYGON ((16.30601874780265 8.960510013318808, 16.305857699347 8.915296231624128, 16.260389582361615 8.915453180500387, 16.260545027022303 8.96066777074217, 16.30601874780265 8.960510013318808))",2_4,0.0,0.0,1252152,0.0,0.0,250000,0.0,0.0,0.0,0.0,0.0,0.0
77,"POLYGON ((21.173809918859874 3.5602918103590677, 21.173801492201285 3.515057180945862, 21.12878378766118 3.515064504226826, 21.128790031681294 3.560299228113827, 21.173809918859874 3.5602918103590677))",2_31,0.0,0.0,1247653,0.0,0.0,250000,0.0,0.0,0.0,0.0,0.0,0.0
78,"POLYGON ((-47.44537925312888 -3.5048897385211757, -47.445497438542986 -3.5500831166455984, -47.49047494775627 -3.549962504219791, -47.49035459410818 -3.504770665226599, -47.44537925312888 -3.5048897385211757))",2_25,264.0,0.0,1252152,149.0,0.0,250000,0.02108370229812355,0.0,0.05959999999999999,0.0,0.02108370229812355,0.05959999999999999
79,"POLYGON ((32.80016340893152 -3.8750179252477297, 32.80015273122086 -3.920252117899685, 32.75511465746846 -3.9202401155478563, 32.75512774148113 -3.8750060617948248, 32.80016340893152 -3.8750179252477297))",1_7,29.0,0.0,1249875,29.0,0.0,250000,0.0023202320232023205,0.0,0.0116,0.0,0.0023202320232023205,0.0116
80,"POLYGON ((-80.59885006291809 -4.3597993757892946, -80.59882595294202 -4.405032175833265, -80.64389093670712 -4.405055135529413, -80.6439123384916 -4.359822098844558, -80.59885006291809 -4.3597993757892946))",1_16,0.0,0.0,1247640,0.0,0.0,250000,0.0,0.0,0.0,0.0,0.0,0.0
81,"POLYGON ((18.311118343367255 -8.859353866238195, 18.31078893017854 -8.904529486596221, 18.265361957678525 -8.904198270239648, 18.265696918648313 -8.859024356343914, 18.311118343367255 -8.859353866238195))",1_3,0.0,0.0,1254399,0.0,0.0,250000,0.0,0.0,0.0,0.0,0.0,0.0
82,"POLYGON ((28.391175722713363 -9.274706444943197, 28.39135430985905 -9.319917740370624, 28.34583654761938 -9.320092670184671, 28.345663798531163 -9.274880511707746, 28.391175722713363 -9.274706444943197))",4_37,635483.0,94239.0,1248716,250000.0,0.0,250000,50.89091514804006,7.546872147069469,100.0,0.0,58.43778729510953,100.0
83,"POLYGON ((-36.04184770848657 -10.119733136938661, -36.04143289714068 -10.164894971109975, -36.087018147877245 -10.165303738055375, -36.087426590069455 -10.120140050837952, -36.04184770848657 -10.119733136938661))",4_45,1125890.0,35.0,1251905,250000.0,0.0,250000,89.934140370076,0.0027957392933169846,100.0,0.0,89.93693610936931,100.0
84,"POLYGON ((-56.82720041816528 -10.52497953888181, -56.82717518622134 -10.57020068028408, -56.8728792657732 -10.570222393639266, -56.87289782509983 -10.525001157298034, -56.82720041816528 -10.52497953888181))",2_39,196.0,0.0,1248764,123.0,0.0,250000,0.015695519729908933,0.0,0.0492,0.0,0.015695519729908933,0.0492
85,"POLYGON ((-64.8723061100079 -11.199363498282201, -64.8725973690301 -11.244558568161182, -64.91837946907731 -11.244266914546134, -64.91808109974068 -11.199073046194608, -64.8723061100079 -11.199363498282201))",3_8,9000.0,0.0,1252160,2838.0,0.0,250000,0.7187579861998467,0.0,1.1352,0.0,0.7187579861998467,1.1352
86,"POLYGON ((-56.769752532191774 -11.975023306467975, -56.769714161180175 -12.020239880743635, -56.81564822711319 -12.020273954207658, -56.8156789445529 -11.975057248086165, -56.769752532191774 -11.975023306467975))",1_8,189.0,0.0,1249875,68.0,0.0,250500,0.01512151215121512,0.0,0.02714570858283433,0.0,0.01512151215121512,0.02714570858283433
87,"POLYGON ((33.17992370552071 -13.054975750689772, 33.179956480495704 -13.100188840228817, 33.13383021196818 -13.100216901787492, 33.133805837771 -13.055003712087833, 33.17992370552071 -13.054975750689772))",2_34,3262.0,0.0,1249875,3262.0,0.0,250000,0.260986098609861,0.0,1.3048,0.0,0.260986098609861,1.3048
88,"POLYGON ((-70.9639358360991 -14.619275608209135, -70.96433810800691 -14.66445643788271, -71.01074673959178 -14.664059516953941, -71.01033497920184 -14.618879962958964, -70.9639358360991 -14.619275608209135))",2_17,212.0,0.0,1252152,207.0,0.0,250000,0.01693085184546285,0.0,0.0828,0.0,0.01693085184546285,0.0828
89,"POLYGON ((-60.54990326650706 -14.80032456623718, -60.54939498170952 -14.845489828961801, -60.59582827793532 -14.845980398975248, -60.59632695474292 -14.800813577686867, -60.54990326650706 -14.80032456623718))",2_1,0.0,0.0,1250736,0.0,0.0,250000,0.0,0.0,0.0,0.0,0.0,0.0
90,"POLYGON ((-68.30276290248386 -16.474820577158138, -68.30260098787137 -16.520017153511496, -68.34945350480487 -16.520168336336273, -68.34960454363963 -16.474971323490962, -68.30276290248386 -16.474820577158138))",2_41,3401.0,0.0,1248734,3277.0,0.0,250000,0.2723558419967743,0.0,1.3108,0.0,0.2723558419967743,1.3108
91,"POLYGON ((139.58502524777788 -16.959314790586753, 139.5846864570945 -17.004498752033744, 139.53772687912138 -17.004166865021453, 139.5380769011506 -16.958983837271976, 139.58502524777788 -16.959314790586753))",4_42,1195824.0,0.0,1249915,250000.0,0.0,250000,95.67242572494929,0.0,100.0,0.0,95.67242572494929,100.0
92,"POLYGON ((134.67774575405903 -17.499630704381218, 134.67766597705088 -17.54482538419641, 134.63055521664495 -17.544743136783254, 134.63064665286458 -17.499548682127124, 134.67774575405903 -17.499630704381218))",1_9,0.0,0.0,1247685,0.0,0.0,250000,0.0,0.0,0.0,0.0,0.0,0.0
93,"POLYGON ((-49.00937740705063 -18.63417944620348, -49.00885052186809 -18.679342110998416, -49.056238387767294 -18.67983900565593, -49.05675275295227 -18.63467505344089, -49.00937740705063 -18.63417944620348))",2_13,2680.0,0.0,1251872,1871.0,0.0,250000,0.21407939469849954,0.0,0.7484000000000001,0.0,0.21407939469849954,0.7484000000000001
94,"POLYGON ((47.95199977348813 -18.60223562586153, 47.9527794972914 -18.647365562459687, 47.905434650421284 -18.648103941104043, 47.9046673854777 -18.60297208998554, 47.95199977348813 -18.60223562586153))",2_19,400.0,1164.0,1298448,242.0,258.0,250000,0.030806008403879093,0.08964548445528817,0.0968,0.10319999999999999,0.12045149285916726,0.19999999999999998
95,"POLYGON ((127.60473997091934 -20.379245259441593, 127.60433313982857 -20.424413168084957, 127.55641946685364 -20.424022551136357, 127.55684025295955 -20.378855581126324, 127.60473997091934 -20.379245259441593))",1_39,128.0,0.0,1248776,128.0,0.0,250000,0.010250036836069879,0.0,0.051199999999999996,0.0,0.010250036836069879,0.051199999999999996
96,"POLYGON ((-63.428551976813345 -21.662360459475167, -63.42868557884141 -21.707533752495824, -63.47702537246386 -21.707401692302902, -63.47687670641589 -21.662228701220968, -63.428551976813345 -21.662360459475167))",2_40,808.0,0.0,1246572,807.0,0.0,250000,0.06481775621464304,0.0,0.3228,0.0,0.06481775621464304,0.3228
97,"POLYGON ((118.47498150087013 -23.62024905380209, 118.4754876579791 -23.665397545705073, 118.42647045703174 -23.665856590445028, 118.42598110084617 -23.620707118527076, 118.47498150087013 -23.62024905380209))",1_1,0.0,0.0,1248596,0.0,0.0,250000,0.0,0.0,0.0,0.0,0.0,0.0
98,"POLYGON ((23.682693573795465 -25.060824071538562, 23.683677592134064 -25.10592929651924, 23.634139197947714 -25.1068180969675, 23.633173292073675 -25.061711058698226, 23.682693573795465 -25.060824071538562))",1_35,0.0,0.0,1251536,0.0,0.0,250000,0.0,0.0,0.0,0.0,0.0,0.0
99,"POLYGON ((118.4972536747153 -25.420343858587785, 118.49781200430974 -25.465481123527837, 118.44809014011925 -25.465980169745873, 118.4475503289688 -25.42084189650569, 118.4972536747153 -25.420343858587785))",1_17,0.0,0.0,1249668,0.0,0.0,250000,0.0,0.0,0.0,0.0,0.0,0.0
100,"POLYGON ((-69.21409673824148 -27.455446562570618, -69.21418401679148 -27.500586141012146, -69.26480513953729 -27.5004990156765, -69.26469723375037 -27.455359604000467, -69.21409673824148 -27.455446562570618))",4_28,18257.0,10097.0,1248806,15325.0,10097.0,250000,1.461956460811367,0.8085323100625718,6.13,4.0388,2.2704887708739387,10.168800000000001
101,"POLYGON ((150.93324854804993 -27.996427740139517, 150.93238668945347 -28.041534609240536, 150.8815483839025 -28.040759650687228, 150.8824313956557 -27.99565424457004, 150.93324854804993 -27.996427740139517))",1_11,1212.0,0.0,1250770,857.0,0.0,250000,0.0969003094094038,0.0,0.3428,0.0,0.0969003094094038,0.3428
102,"POLYGON ((142.04877140933863 -28.480211767148035, 142.04921776647237 -28.52533733915033, 141.99812283839807 -28.52572239891035, 141.99769820900022 -28.48059610781987, 142.04877140933863 -28.480211767148035))",1_30,180.0,0.0,1248650,63.0,0.0,250000,0.014415568814319464,0.0,0.0252,0.0,0.014415568814319464,0.0252
103,"POLYGON ((126.02993954624407 -28.83468893663728, 126.03124762639138 -28.879756370520173, 125.98004265464328 -28.880899302998113, 125.9787565906828 -28.835829754424562, 126.02993954624407 -28.83468893663728))",1_26,4.0,342.0,1380049,1.0,6.0,250000,0.0002898447808737226,0.024781728764703283,0.00039999999999999996,0.0024000000000000002,0.025071573545577007,0.0028000000000000004
104,"POLYGON ((138.62205528102427 -29.738590491565613, 138.6209898751904 -29.783676156563853, 138.5693061012122 -29.782735645832958, 138.5703945979502 -29.737651688186585, 138.62205528102427 -29.738590491565613))",1_34,0.0,0.0,1250622,0.0,0.0,250000,0.0,0.0,0.0,0.0,0.0,0.0
105,"POLYGON ((138.25424206763142 -30.27840243895707, 138.25298497224236 -30.323471403153544, 138.20103531204714 -30.322369312668933, 138.20231610582573 -30.277302326619008, 138.25424206763142 -30.27840243895707))",1_37,0.0,0.0,1249299,0.0,0.0,250000,0.0,0.0,0.0,0.0,0.0,0.0
106,"POLYGON ((131.97432261814652 -30.818017768407387, 131.97290739828918 -30.86307185448831, 131.92068219195548 -30.861839116916226, 131.9221217347932 -30.816787219690305, 131.97432261814652 -30.818017768407387))",1_18,1179.0,0.0,1385636,0.0,0.0,250000,0.0850872812195988,0.0,0.0,0.0,0.0850872812195988,0.0
107,"POLYGON ((-56.2226623942624 -31.35988029866469, -56.222290796916425 -31.40498957257963, -56.274884579981965 -31.40529786115598, -56.27523105304231 -31.360188044649856, -56.2226623942624 -31.35988029866469))",1_5,47.0,0.0,1250952,34.0,0.0,250000,0.003757138563270213,0.0,0.0136,0.0,0.003757138563270213,0.0136
108,"POLYGON ((18.548626127768667 -33.00216138557706, 18.547377785616092 -33.04722166650418, 18.493875744966655 -33.04615769534337, 18.495151250026222 -33.001099233773196, 18.548626127768667 -33.00216138557706))",2_33,4.0,0.0,1249248,4.0,0.0,250000,0.00032019262788493557,0.0,0.0015999999999999999,0.0,0.00032019262788493557,0.0015999999999999999
109,"POLYGON ((-64.14606000503068 -33.15933769078899, -64.14664727172666 -33.20442920795435, -64.20028400651199 -33.20392340558109, -64.1996692849382 -33.158832751812874, -64.14606000503068 -33.15933769078899))",3_4,18381.0,0.0,1248674,9007.0,0.0,250000,1.4720415416674009,0.0,3.6028,0.0,1.4720415416674009,3.6028
110,"POLYGON ((-66.31441097590384 -34.60118085190176, -66.31295846022998 -34.646221151243445, -66.3674596327874 -34.64741072604659, -66.36888277090196 -34.60236844005478, -66.31441097590384 -34.60118085190176))",1_19,0.0,0.0,1249083,0.0,0.0,250000,0.0,0.0,0.0,0.0,0.0,0.0
111,"POLYGON ((117.15224766424728 -34.77963419450728, 117.152330587366 -34.82472271340759, 117.09765351040141 -34.824778884560814, 117.0976003513069 -34.779690271974516, 117.15224766424728 -34.77963419450728))",2_14,321.0,0.0,1248804,284.0,0.0,250000,0.025704594155688164,0.0,0.1136,0.0,0.025704594155688164,0.1136
112,"POLYGON ((148.37234427969122 -36.27438592418438, 148.37313399902794 -36.319450431381334, 148.31744677032808 -36.3200772575056, 148.31668905489394 -36.27501172410826, 148.37234427969122 -36.27438592418438))",2_30,5922.0,0.0,1249668,5021.0,0.0,250000,0.4738858640855011,0.0,2.0084,0.0,0.4738858640855011,2.0084
113,"POLYGON ((-71.09751550169521 -38.018428984926764, -71.09880105064653 -38.06346288034742, -71.15575976332676 -38.062431580326745, -71.15443939120436 -38.01739934320675, -71.09751550169521 -38.018428984926764))",2_29,0.0,0.0,1250392,0.0,0.0,250000,0.0,0.0,0.0,0.0,0.0,0.0
114,"POLYGON ((-69.75666366989955 -46.65908590571964, -69.7572920996051 -46.70407830729878, -69.82269269245151 -46.70362677858023, -69.82201000516245 -46.658635082051646, -69.75666366989955 -46.65908590571964))",2_37,0.0,0.0,1249728,0.0,0.0,250000,0.0,0.0,0.0,0.0,0.0,0.0
115,"POLYGON ((-70.73051651751706 -52.10436033355059, -70.73225849851404 -52.149293610273375, -70.80529873023758 -52.148197995773025, -70.80348339419973 -52.10326647941253, -70.73051651751706 -52.10436033355059))",2_8,21.0,0.0,1248900,21.0,0.0,250000,0.0016814797021378813,0.0,0.0084,0.0,0.0016814797021378813,0.0084
116,"POLYGON ((-110.73309596839377 61.824214294359756, -110.73348507091428 61.779330576064034, -110.82826106857856 61.77948183076716, -110.8280103335964 61.82436583252547, -110.73309596839377 61.824214294359756))",4_7,312854.0,7238.0,1249755,75703.0,526.0,250000,25.03322651239643,0.5791535140887614,30.281200000000002,0.2104,25.61238002648519,30.491600000000002
117,"POLYGON ((-161.1812838653513 60.207399609472574, -161.17830899035525 60.1625370618665, -161.26832292486873 60.16102626494883, -161.27142047776806 60.2058860817577, -161.1812838653513 60.207399609472574))",3_43,4066.0,1059778.0,1250112,2858.0,157054.0,250000,0.3252508575231659,84.77464419188041,1.1432,62.8216,85.09989504940359,63.9648
118,"POLYGON ((-52.89220556578132 48.68561482985334, -52.89052285452637 48.64065864211983, -52.958356530558646 48.63952488017096, -52.9600995264531 48.68447928458135, -52.89220556578132 48.68561482985334))",4_6,230536.0,0.0,1248300,161132.0,0.0,250000,18.46799647520628,0.0,64.4528,0.0,18.46799647520628,64.4528
119,"POLYGON ((26.24858972061346 42.97998748400559, 26.249137354003604 42.93496557163493, 26.18786445421592 42.93454725227932, 26.187272143644922 42.979568509456314, 26.24858972061346 42.97998748400559))",1_4,0.0,0.0,1249875,0.0,0.0,250000,0.0,0.0,0.0,0.0,0.0,0.0
120,"POLYGON ((73.64960593877223 42.79960888513032, 73.65058387216978 42.75459419313354, 73.58950118326737 42.75385806208127, 73.58847901776151 42.798871600752584, 73.64960593877223 42.79960888513032))",3_29,333.0,0.0,1248596,317.0,0.0,250000,0.026669955694235765,0.0,0.1268,0.0,0.026669955694235765,0.1268
121,"POLYGON ((113.88105793092723 33.057874870259255, 113.87959109458659 33.012830402339034, 113.82612542594475 33.01405343869251, 113.8275651166952 33.0591000005158, 113.88105793092723 33.057874870259255))",3_9,16486.0,0.0,1250172,8906.0,0.0,250000,1.3186985470799217,0.0,3.5624000000000002,0.0,1.3186985470799217,3.5624000000000002
122,"POLYGON ((91.48573832114252 25.114579682559185, 91.48629390639333 25.06944061499053, 91.43673481755042 25.068926930232795, 91.43616106009055 25.11406494715311, 91.48573832114252 25.114579682559185))",4_31,97812.0,0.0,1249699,52412.0,0.0,250000,7.826844704204773,0.0,20.9648,0.0,7.826844704204773,20.9648
123,"POLYGON ((-6.607665705996705 14.900933697443737, -6.608163852687216 14.85576669847351, -6.654601348827172 14.856245721037743, -6.654112851815397 14.901414241597578, -6.607665705996705 14.900933697443737))",1_32,0.0,0.0,1252112,0.0,0.0,250000,0.0,0.0,0.0,0.0,0.0,0.0
124,"POLYGON ((11.202835128413534 14.000794581464277, 11.202405328327448 13.955618117344809, 11.156147589708816 13.956032739817896, 11.15656837982231 14.001210598943436, 11.202835128413534 14.000794581464277))",1_43,0.0,0.0,1251022,0.0,0.0,250000,0.0,0.0,0.0,0.0,0.0,0.0
125,"POLYGON ((13.969652522982788 12.740233177069438, 13.969834828908224 12.695025975609388, 13.923790389043347 12.69484333951977, 13.923599938493203 12.740049869538593, 13.969652522982788 12.740233177069438))",4_36,38088.0,175536.0,1249803,38088.0,17666.0,250000,3.0475202891975774,14.045093506736661,15.235199999999999,7.066400000000001,17.092613795934238,22.3016
126,"POLYGON ((13.113954300476298 11.479936457234592, 13.114253966748727 11.434742455991918, 13.06844192988024 11.434443879980456, 13.068134994465538 11.479636670262488, 13.113954300476298 11.479936457234592))",1_25,0.0,0.0,1248650,0.0,0.0,250000,0.0,0.0,0.0,0.0,0.0,0.0
127,"POLYGON ((114.1608852417369 -4.179472780801412, 114.16072171722233 -4.2246510143948415, 114.11572294466308 -4.2244846469323045, 114.11588905213016 -4.179308198572109, 114.1608852417369 -4.179472780801412))",4_23,0.0,0.0,1255514,0.0,0.0,250000,0.0,0.0,0.0,0.0,0.0,0.0
128,"POLYGON ((33.663829904058076 -16.239718898530953, 33.66398174161961 -16.284916797937882, 33.61718511994211 -16.285058505299897, 33.617043981988544 -16.23986019148167, 33.663829904058076 -16.239718898530953))",4_3,15286.0,1016.0,1247625,15286.0,1016.0,250000,1.225207895000501,0.08143472597936079,6.1144,0.4064,1.3066426209798618,6.5207999999999995
129,"POLYGON ((30.73597494484065 -26.90458217586992, 30.73507377444951 -26.94969021643548, 30.684741247932305 -26.948872691492834, 30.685662401545915 -26.903766236485858, 30.73597494484065 -26.90458217586992))",2_5,851.0,0.0,1250736,347.0,0.0,250000,0.06803993808445587,0.0,0.13879999999999998,0.0,0.06803993808445587,0.13879999999999998
130,"POLYGON ((17.27612201227247 -29.9208257946175, 17.277149355396354 -29.965913485054056, 17.225365403602588 -29.96679884686083, 17.22436137544668 -29.921709555103046, 17.27612201227247 -29.9208257946175))",1_31,0.0,0.0,1248254,0.0,0.0,250000,0.0,0.0,0.0,0.0,0.0,0.0
